Puntaje,Tiempo,Muertes
Nivel 1,2,0
Nivel 1,2,0
Nivel 1,2,0
Nivel 1,2,0
Nivel 1,2,0
Nivel 1,2,0
Nivel 1,2,0
Nivel 1,2,0
Nivel 1,2,0
Nivel 1,2,0
Nivel 1,2,0
Nivel 1,2,0
Nivel 1,2,0
Nivel 1,2,0
Nivel 1,2,0
Nivel 1,2,0
Nivel 1,2,0
Nivel 1,2,0
Nivel 1,2,0
Nivel 1,2,0
Nivel 1,2,0
Nivel 1,2,0
Nivel 1,2,0
Nivel 1,2,0
Nivel 1,2,0
Nivel 1,2,0
Nivel 1,2,0
Nivel 1,2,0
Nivel 1,2,0
Nivel 1,2,0
Nivel 1,2,0
Nivel 1,2,0
Nivel 1,2,0
Nivel 1,2,0
Nivel 1,3,0
Nivel 1,3,0
Nivel 1,3,0
Nivel 1,3,0
Nivel 1,3,0
Nivel 1,3,0
Nivel 1,3,0
Nivel 1,3,0
Nivel 1,3,0
Nivel 1,3,0
Nivel 1,3,0
Nivel 1,3,0
Nivel 1,3,0
Nivel 1,3,0
Nivel 1,3,0
Nivel 1,3,0
Nivel 1,3,0
Nivel 1,3,0
Nivel 1,3,0
Nivel 1,3,0
Nivel 1,3,0
Nivel 1,3,0
Nivel 1,3,0
Nivel 1,3,0
Nivel 1,3,0
Nivel 1,3,0
Nivel 1,3,0
Nivel 1,3,0
Nivel 1,3,0
Nivel 1,3,0
Nivel 1,3,0
Nivel 1,3,0
Nivel 1,3,0
Nivel 1,3,0
Nivel 1,3,0
Nivel 1,3,0
Nivel 1,3,0
Nivel 1,3,0
Nivel 1,3,0
Nivel 1,3,0
Nivel 1,3,0
Nivel 1,3,0
Nivel 1,3,0
Nivel 1,3,0
Nivel 1,3,0
Nivel 1,3,0
Nivel 1,3,0
Nivel 1,3,0
Nivel 1,3,0
Nivel 1,3,0
Nivel 1,3,0
Nivel 1,3,0
Nivel 1,3,0
Nivel 1,3,0
Nivel 1,3,0
Nivel 1,3,0
Nivel 1,3,0
Nivel 1,3,0
Nivel 1,3,0
Nivel 1,3,0
Nivel 1,4,0
Nivel 1,4,0
Nivel 1,4,0
Nivel 1,4,0
Nivel 1,4,0
Nivel 1,4,0
Nivel 1,4,0
Nivel 1,4,0
Nivel 1,4,0
Nivel 1,4,0
Nivel 1,4,0
Nivel 1,4,0
Nivel 1,4,0
Nivel 1,4,0
Nivel 1,4,0
Nivel 1,4,0
Nivel 1,4,0
Nivel 1,4,0
Nivel 1,4,0
Nivel 1,4,0
Nivel 1,4,0
Nivel 1,4,0
Nivel 1,4,0
Nivel 1,4,0
Nivel 1,4,0
Nivel 1,4,0
Nivel 1,4,0
Nivel 1,4,0
Nivel 1,4,0
Nivel 1,4,0
Nivel 1,4,0
Nivel 1,4,0
Nivel 1,4,0
Nivel 1,4,0
Nivel 1,4,0
Nivel 1,4,0
Nivel 1,4,0
Nivel 1,4,0
Nivel 1,4,0
Nivel 1,4,0
Nivel 1,4,0
Nivel 1,4,0
Nivel 1,4,0
Nivel 1,4,0
Nivel 1,4,0
Nivel 1,4,0
Nivel 1,4,0
Nivel 1,4,0
Nivel 1,4,0
Nivel 1,4,0
Nivel 1,4,0
Nivel 1,4,0
Nivel 1,4,0
Nivel 1,4,0
Nivel 1,4,0
Nivel 1,4,0
Nivel 1,4,0
Nivel 1,4,0
Nivel 1,4,0
Nivel 1,4,0
Nivel 1,5,0
Nivel 1,5,0
Nivel 1,5,0
Nivel 1,5,0
Nivel 1,5,0
Nivel 1,5,0
Nivel 1,5,0
Nivel 1,5,0
Nivel 1,5,0
Nivel 1,5,0
Nivel 1,5,0
Nivel 1,5,0
Nivel 1,5,0
Nivel 1,5,0
Nivel 1,5,0
Nivel 1,5,0
Nivel 1,5,0
Nivel 1,5,0
Nivel 1,5,0
Nivel 1,5,0
Nivel 1,5,0
Nivel 1,5,0
Nivel 1,5,0
Nivel 1,5,0
Nivel 1,5,0
Nivel 1,5,0
Nivel 1,5,0
Nivel 1,5,0
Nivel 1,5,0
Nivel 1,5,0
Nivel 1,5,0
Nivel 1,5,0
Nivel 1,5,0
Nivel 1,5,0
Nivel 1,5,0
Nivel 1,5,0
Nivel 1,5,0
Nivel 1,5,0
Nivel 1,5,0
Nivel 1,5,0
Nivel 1,5,0
Nivel 1,5,0
Nivel 1,5,0
Nivel 1,5,0
Nivel 1,5,0
Nivel 1,5,0
Nivel 1,5,0
Nivel 1,5,0
Nivel 1,5,0
Nivel 1,5,0
Nivel 1,5,0
Nivel 1,5,0
Nivel 1,5,0
Nivel 1,5,0
Nivel 1,5,0
Nivel 1,5,0
Nivel 1,5,0
Nivel 1,5,0
Nivel 1,5,0
Nivel 1,6,0
Nivel 1,6,0
Nivel 1,6,0
Nivel 1,6,0
Nivel 1,6,0
Nivel 1,6,0
Nivel 1,6,0
Nivel 1,6,0
Nivel 1,6,0
Nivel 1,6,0
Nivel 1,6,0
Nivel 1,6,0
Nivel 1,6,0
Nivel 1,6,0
Nivel 1,6,0
Nivel 1,6,0
Nivel 1,6,0
Nivel 1,6,0
Nivel 1,6,0
Nivel 1,6,0
Nivel 1,6,0
Nivel 1,6,0
Nivel 1,6,0
Nivel 1,6,0
Nivel 1,6,0
Nivel 1,6,0
Nivel 1,6,0
Nivel 1,6,0
Nivel 1,6,0
Nivel 1,6,0
Nivel 1,6,0
Nivel 1,6,0
Nivel 1,6,0
Nivel 1,6,0
Nivel 1,6,0
Nivel 1,6,0
Nivel 1,6,0
Nivel 1,6,0
Nivel 1,6,0
Nivel 1,6,0
Nivel 1,6,0
Nivel 1,6,0
Nivel 1,6,0
Nivel 1,6,0
Nivel 1,6,0
Nivel 1,6,0
Nivel 1,6,0
Nivel 1,6,0
Nivel 1,6,0
Nivel 1,6,0
Nivel 1,6,0
Nivel 1,6,0
Nivel 1,6,0
Nivel 1,6,0
Nivel 1,6,0
Nivel 1,6,0
Nivel 1,6,0
Nivel 1,6,0
Nivel 1,6,0
Nivel 1,6,0
Nivel 1,7,0
Nivel 1,7,0
Nivel 1,7,0
Nivel 1,7,0
Nivel 1,7,0
Nivel 1,7,0
Nivel 1,7,0
Nivel 1,7,0
Nivel 1,7,0
Nivel 1,7,0
Nivel 1,7,0
Nivel 1,7,0
Nivel 1,7,0
Nivel 1,7,0
Nivel 1,7,0
Nivel 1,7,0
Nivel 1,7,0
Nivel 1,7,0
Nivel 1,7,0
Nivel 1,7,0
Nivel 1,7,0
Nivel 1,7,0
Nivel 1,7,0
Nivel 1,7,0
Nivel 1,7,0
Nivel 1,7,0
Nivel 1,7,0
Nivel 1,7,0
Nivel 1,7,0
Nivel 1,7,0
Nivel 1,7,0
Nivel 1,7,0
Nivel 1,7,0
Nivel 1,7,0
Nivel 1,7,0
Nivel 1,7,0
Nivel 1,7,0
Nivel 1,7,0
Nivel 1,7,0
Nivel 1,7,0
Nivel 1,7,0
Nivel 1,7,0
Nivel 1,7,0
Nivel 1,7,0
Nivel 1,7,0
Nivel 1,7,0
Nivel 1,7,0
Nivel 1,7,0
Nivel 1,7,0
Nivel 1,7,0
Nivel 1,7,0
Nivel 1,7,0
Nivel 1,7,0
Nivel 1,7,0
Nivel 1,7,0
Nivel 1,7,0
Nivel 1,7,0
Nivel 1,7,0
Nivel 1,7,0
Nivel 1,8,0
Nivel 1,8,0
Nivel 1,8,0
Nivel 1,8,0
Nivel 1,8,0
Nivel 1,8,0
Nivel 1,8,0
Nivel 1,8,0
Nivel 1,8,0
Nivel 1,8,0
Nivel 1,8,0
Nivel 1,8,0
Nivel 1,8,0
Nivel 1,8,0
Nivel 1,8,0
Nivel 1,8,0
Nivel 1,8,0
Nivel 1,8,0
Nivel 1,8,0
Nivel 1,8,0
Nivel 1,8,0
Nivel 1,8,0
Nivel 1,8,0
Nivel 1,8,0
Nivel 1,8,0
Nivel 1,8,0
Nivel 1,8,0
Nivel 1,8,0
Nivel 1,8,0
Nivel 1,8,0
Nivel 1,8,0
Nivel 1,8,0
Nivel 1,8,0
Nivel 1,8,0
Nivel 1,8,0
Nivel 1,8,0
Nivel 1,8,0
Nivel 1,8,0
Nivel 1,8,0
Nivel 1,8,0
Nivel 1,8,0
Nivel 1,8,0
Nivel 1,8,0
Nivel 1,8,0
Nivel 1,8,0
Nivel 1,8,0
Nivel 1,8,0
Nivel 1,8,0
Nivel 1,8,0
Nivel 1,8,0
Nivel 1,8,0
Nivel 1,8,0
Nivel 1,8,0
Nivel 1,8,0
Nivel 1,8,0
Nivel 1,8,0
Nivel 1,8,0
Nivel 1,8,0
Nivel 1,8,0
Nivel 1,8,0
Nivel 1,9,0
Nivel 1,9,0
Nivel 1,9,0
Nivel 1,9,0
Nivel 1,9,0
Nivel 1,9,0
Nivel 1,9,0
Nivel 1,9,0
Nivel 1,9,0
Nivel 1,9,0
Nivel 1,9,0
Nivel 1,9,0
Nivel 1,9,0
Nivel 1,9,0
Nivel 1,9,0
Nivel 1,9,0
Nivel 1,9,0
Nivel 1,9,0
Nivel 1,9,0
Nivel 1,9,0
Nivel 1,9,0
Nivel 1,9,0
Nivel 1,9,0
Nivel 1,9,0
Nivel 1,9,0
Nivel 1,9,0
Nivel 1,9,0
Nivel 1,9,0
Nivel 1,9,0
Nivel 1,9,0
Nivel 1,9,0
Nivel 1,9,0
Nivel 1,9,0
Nivel 1,9,0
Nivel 1,9,0
Nivel 1,9,0
Nivel 1,9,0
Nivel 1,9,0
Nivel 1,9,0
Nivel 1,9,0
Nivel 1,9,0
Nivel 1,9,0
Nivel 1,9,0
Nivel 1,9,0
Nivel 1,9,0
Nivel 1,9,0
Nivel 1,9,0
Nivel 1,9,0
Nivel 1,9,0
Nivel 1,9,0
Nivel 1,9,0
Nivel 1,9,0
Nivel 1,9,0
Nivel 1,9,0
Nivel 1,9,0
Nivel 1,9,0
Nivel 1,9,0
Nivel 1,9,0
Nivel 1,9,0
Nivel 1,9,0
Nivel 1,10,0
Nivel 1,10,0
Nivel 1,10,0
Nivel 1,10,0
Nivel 1,10,0
Nivel 1,10,0
Nivel 1,10,0
Nivel 1,10,0
Nivel 1,10,0
Nivel 1,10,0
Nivel 1,10,0
Nivel 1,10,0
Nivel 1,10,0
Nivel 1,10,0
Nivel 1,10,0
Nivel 1,10,0
Nivel 1,10,0
Nivel 1,10,0
Nivel 1,10,0
Nivel 1,10,0
Nivel 1,10,0
Nivel 1,10,0
Nivel 1,10,0
Nivel 1,10,0
Nivel 1,10,0
Nivel 1,10,0
Nivel 1,10,0
Nivel 1,10,0
Nivel 1,10,0
Nivel 1,10,0
Nivel 1,10,0
Nivel 1,10,0
Nivel 1,10,0
Nivel 1,10,0
Nivel 1,10,0
Nivel 1,10,0
Nivel 1,10,0
Nivel 1,10,0
Nivel 1,10,0
Nivel 1,10,0
Nivel 1,10,0
Nivel 1,10,0
Nivel 1,10,0
Nivel 1,10,0
Nivel 1,10,0
Nivel 1,10,0
Nivel 1,10,0
Nivel 1,10,0
Nivel 1,10,0
Nivel 1,10,0
Nivel 1,10,0
Nivel 1,10,0
Nivel 1,10,0
Nivel 1,10,0
Nivel 1,10,0
Nivel 1,10,0
Nivel 1,10,0
Nivel 1,10,0
Nivel 1,10,0
Nivel 1,11,0
Nivel 1,11,0
Nivel 1,11,0
Nivel 1,11,0
Nivel 1,11,0
Nivel 1,11,0
Nivel 1,11,0
Nivel 1,11,0
Nivel 1,11,0
Nivel 1,11,0
Nivel 1,11,0
Nivel 1,11,0
Nivel 1,11,0
Nivel 1,11,0
Nivel 1,11,0
Nivel 1,11,0
Nivel 1,11,0
Nivel 1,11,0
Nivel 1,11,0
Nivel 1,11,0
Nivel 1,11,0
Nivel 1,11,0
Nivel 1,11,0
Nivel 1,11,0
Nivel 1,11,0
Nivel 1,11,0
Nivel 1,11,0
Nivel 1,11,0
Nivel 1,11,0
Nivel 1,11,0
Nivel 1,11,0
Nivel 1,11,0
Nivel 1,11,0
Nivel 1,11,0
Nivel 1,11,0
Nivel 1,11,0
Nivel 1,11,0
Nivel 1,11,0
Nivel 1,11,0
Nivel 1,11,0
Nivel 1,11,0
Nivel 1,11,0
Nivel 1,11,0
Nivel 1,11,0
Nivel 1,11,0
Nivel 1,11,0
Nivel 1,11,0
Nivel 1,11,0
Nivel 1,11,0
Nivel 1,11,0
Nivel 1,11,0
Nivel 1,11,0
Nivel 1,11,0
Nivel 1,11,0
Nivel 1,11,0
Nivel 1,11,0
Nivel 1,11,0
Nivel 1,11,0
Nivel 1,11,0
Nivel 1,11,0
Nivel 1,12,0
Nivel 1,12,0
Nivel 1,12,0
Nivel 1,12,0
Nivel 1,12,0
Nivel 1,12,0
Nivel 1,12,0
Nivel 1,12,0
Nivel 1,12,0
Nivel 1,12,0
Nivel 1,12,0
Nivel 1,12,0
Nivel 1,12,0
Nivel 1,12,0
Nivel 1,12,0
Nivel 1,12,0
Nivel 1,12,0
Nivel 1,12,0
Nivel 1,12,0
Nivel 1,12,0
Nivel 1,12,0
Nivel 1,12,0
Nivel 1,12,0
Nivel 1,12,0
Nivel 1,12,0
Nivel 1,12,0
Nivel 1,12,0
Nivel 1,12,0
Nivel 1,12,0
Nivel 1,12,0
Nivel 1,12,0
Nivel 1,12,0
Nivel 1,12,0
Nivel 1,12,0
Nivel 1,12,0
Nivel 1,12,0
Nivel 1,12,0
Nivel 1,12,0
Nivel 1,12,0
Nivel 1,12,0
Nivel 1,12,0
Nivel 1,12,0
Nivel 1,12,0
Nivel 1,12,0
Nivel 1,12,0
Nivel 1,12,0
Nivel 1,12,0
Nivel 1,12,0
Nivel 1,12,0
Nivel 1,12,0
Nivel 1,12,0
Nivel 1,12,0
Nivel 1,12,0
Nivel 1,12,0
Nivel 1,12,0
Nivel 1,12,0
Nivel 1,12,0
Nivel 1,12,0
Nivel 1,12,0
Nivel 1,12,0
Nivel 1,13,0
Nivel 1,13,0
Nivel 1,13,0
Nivel 1,13,0
Nivel 1,13,0
Nivel 1,13,0
Nivel 1,13,0
Nivel 1,13,0
Nivel 1,13,0
Nivel 1,13,0
Nivel 1,13,0
Nivel 1,13,0
Nivel 1,13,0
Nivel 1,13,0
Nivel 1,13,0
Nivel 1,13,0
Nivel 1,13,0
Nivel 1,13,0
Nivel 1,13,0
Nivel 1,13,0
Nivel 1,13,0
Nivel 1,13,0
Nivel 1,13,0
Nivel 1,13,0
Nivel 1,13,0
Nivel 1,13,0
Nivel 1,13,0
Nivel 1,13,0
Nivel 1,13,0
Nivel 1,13,0
Nivel 1,13,0
Nivel 1,13,0
Nivel 1,13,0
Nivel 1,13,0
Nivel 1,13,0
Nivel 1,13,0
Nivel 1,13,0
Nivel 1,13,0
Nivel 1,13,0
Nivel 1,13,0
Nivel 1,13,0
Nivel 1,13,0
Nivel 1,13,0
Nivel 1,13,0
Nivel 1,13,0
Nivel 1,13,0
Nivel 1,13,0
Nivel 1,13,0
Nivel 1,13,0
Nivel 1,13,0
Nivel 1,13,0
Nivel 1,13,0
Nivel 1,13,0
Nivel 1,13,0
Nivel 1,13,0
Nivel 1,13,0
Nivel 1,13,0
Nivel 1,13,0
Nivel 1,13,0
Nivel 1,13,0
Nivel 1,14,0
Nivel 1,14,0
Nivel 1,14,0
Nivel 1,14,0
Nivel 1,14,0
Nivel 1,14,0
Nivel 1,14,0
Nivel 1,14,0
Nivel 1,14,0
Nivel 1,14,0
Nivel 1,14,0
Nivel 1,14,0
Nivel 1,14,0
Nivel 1,14,0
Nivel 1,14,0
Nivel 1,14,0
Nivel 1,14,0
Nivel 1,14,0
Nivel 1,14,0
Nivel 1,14,0
Nivel 1,14,0
Nivel 1,14,0
Nivel 1,14,0
Nivel 1,14,0
Nivel 1,14,0
Nivel 1,14,0
Nivel 1,14,0
Nivel 1,14,0
Nivel 1,14,0
Nivel 1,14,0
Nivel 1,14,0
Nivel 1,14,0
Nivel 1,14,0
Nivel 1,14,0
Nivel 1,14,0
Nivel 1,14,0
Nivel 1,14,0
Nivel 1,14,0
Nivel 1,14,0
Nivel 1,14,0
Nivel 1,14,0
Nivel 1,14,0
Nivel 1,14,0
Nivel 1,14,0
Nivel 1,14,0
Nivel 1,14,0
Nivel 1,14,0
Nivel 1,14,0
Nivel 1,14,0
Nivel 1,14,0
Nivel 1,14,0
Nivel 1,14,0
Nivel 1,14,0
Nivel 1,14,0
Nivel 1,14,0
Nivel 1,14,0
Nivel 1,14,0
Nivel 1,14,0
Nivel 1,14,0
Nivel 1,14,0
Nivel 1,15,0
Nivel 1,15,0
Nivel 1,15,0
Nivel 1,15,0
Nivel 1,15,0
Nivel 1,15,0
Nivel 1,15,0
Nivel 1,15,0
Nivel 1,15,0
Nivel 1,15,0
Nivel 1,15,0
Nivel 1,15,0
Nivel 1,15,0
Nivel 1,15,0
Nivel 1,15,0
Nivel 1,15,0
Nivel 1,15,0
Nivel 1,15,0
Nivel 1,15,0
Nivel 1,15,0
Nivel 1,15,0
Nivel 1,15,0
Nivel 1,15,0
Nivel 1,15,0
Nivel 1,15,0
Nivel 1,15,0
Nivel 1,15,0
Nivel 1,15,0
Nivel 1,15,0
Nivel 1,15,0
Nivel 1,15,0
Nivel 1,15,0
Nivel 1,15,0
Nivel 1,15,0
Nivel 1,15,0
Nivel 1,15,0
Nivel 1,15,0
Nivel 1,15,0
Nivel 1,15,0
Nivel 1,15,0
Nivel 1,15,0
Nivel 1,15,0
Nivel 1,15,0
Nivel 1,15,0
Nivel 1,15,0
Nivel 1,15,0
Nivel 1,15,0
Nivel 1,15,0
Nivel 1,15,0
Nivel 1,15,0
Nivel 1,15,0
Nivel 1,15,0
Nivel 1,15,0
Nivel 1,15,0
Nivel 1,15,0
Nivel 1,15,0
Nivel 1,15,0
Nivel 1,15,0
Nivel 1,15,0
Nivel 1,15,0
Nivel 1,16,0
Nivel 1,16,0
Nivel 1,16,0
Nivel 1,16,0
Nivel 1,16,0
Nivel 1,16,0
Nivel 1,16,0
Nivel 1,16,0
Nivel 1,16,0
Nivel 1,16,0
Nivel 1,16,0
Nivel 1,16,0
Nivel 1,16,0
Nivel 1,16,0
Nivel 1,16,0
Nivel 1,16,0
Nivel 1,16,0
Nivel 1,16,0
Nivel 1,16,0
Nivel 1,16,0
Nivel 1,16,0
Nivel 1,16,0
Nivel 1,16,0
Nivel 1,16,0
Nivel 1,16,0
Nivel 1,16,0
Nivel 1,16,0
Nivel 1,16,0
Nivel 1,16,0
Nivel 1,16,0
Nivel 1,16,0
Nivel 1,16,0
Nivel 1,16,0
Nivel 1,16,0
Nivel 1,16,0
Nivel 1,16,0
Nivel 1,16,0
Nivel 1,16,0
Nivel 1,16,0
Nivel 1,16,0
Nivel 1,16,0
Nivel 1,16,0
Nivel 1,16,0
Nivel 1,16,0
Nivel 1,16,0
Nivel 1,16,0
Nivel 1,16,0
Nivel 1,16,0
Nivel 1,16,0
Nivel 1,16,0
Nivel 1,16,0
Nivel 1,16,0
Nivel 1,16,0
Nivel 1,16,0
Nivel 1,16,0
Nivel 1,16,0
Nivel 1,16,0
Nivel 1,16,0
Nivel 1,16,0
Nivel 1,17,0
Nivel 1,17,0
Nivel 1,17,0
Nivel 1,17,0
Nivel 1,17,0
Nivel 1,17,0
Nivel 1,17,0
Nivel 1,17,0
Nivel 1,17,0
Nivel 1,17,0
Nivel 1,17,0
Nivel 1,17,0
Nivel 1,17,0
Nivel 1,17,0
Nivel 1,17,0
Nivel 1,17,0
Nivel 1,17,0
Nivel 1,17,0
Nivel 1,17,0
Nivel 1,17,0
Nivel 1,17,0
Nivel 1,17,0
Nivel 1,17,0
Nivel 1,17,0
Nivel 1,17,0
Nivel 1,17,0
Nivel 1,17,0
Nivel 1,17,0
Nivel 1,17,0
Nivel 1,17,0
Nivel 1,17,0
Nivel 1,17,0
Nivel 1,17,0
Nivel 1,17,0
Nivel 1,17,0
Nivel 1,17,0
Nivel 1,17,0
Nivel 1,17,0
Nivel 1,17,0
Nivel 1,17,0
Nivel 1,17,0
Nivel 1,17,0
Nivel 1,17,0
Nivel 1,17,0
Nivel 1,17,0
Nivel 1,17,0
Nivel 1,17,0
Nivel 1,17,0
Nivel 1,17,0
Nivel 1,17,0
Nivel 1,17,0
Nivel 1,17,0
Nivel 1,17,0
Nivel 1,17,0
Nivel 1,17,0
Nivel 1,17,0
Nivel 1,17,0
Nivel 1,17,0
Nivel 1,17,0
Nivel 1,17,0
Nivel 1,18,0
Nivel 1,18,0
Nivel 1,18,0
Nivel 1,18,0
Nivel 1,18,0
Nivel 1,18,0
Nivel 1,18,0
Nivel 1,18,0
Nivel 1,18,0
Nivel 1,18,0
Nivel 1,18,0
Nivel 1,18,0
Nivel 1,18,0
Nivel 1,18,0
Nivel 1,18,0
Nivel 1,18,0
Nivel 1,18,0
Nivel 1,18,0
Nivel 1,18,0
Nivel 1,18,0
Nivel 1,18,0
Nivel 1,18,0
Nivel 1,18,0
Nivel 1,18,0
Nivel 1,18,0
Nivel 1,18,0
Nivel 1,18,0
Nivel 1,18,0
Nivel 1,18,0
Nivel 1,18,0
Nivel 1,18,0
Nivel 1,18,0
Nivel 1,18,0
Nivel 1,18,0
Nivel 1,18,0
Nivel 1,18,0
Nivel 1,18,0
Nivel 1,18,0
Nivel 1,18,0
Nivel 1,18,0
Nivel 1,18,0
Nivel 1,18,0
Nivel 1,18,0
Nivel 1,18,0
Nivel 1,18,0
Nivel 1,18,0
Nivel 1,18,0
Nivel 1,18,0
Nivel 1,18,0
Nivel 1,18,0
Nivel 1,18,0
Nivel 1,18,0
Nivel 1,18,0
Nivel 1,18,0
Nivel 1,18,0
Nivel 1,18,0
Nivel 1,18,0
Nivel 1,18,0
Nivel 1,18,0
Nivel 1,19,0
Nivel 1,19,0
Nivel 1,19,0
Nivel 1,19,0
Nivel 1,19,0
Nivel 1,19,0
Nivel 1,19,0
Nivel 1,19,0
Nivel 1,19,0
Nivel 1,19,0
Nivel 1,19,0
Nivel 1,19,0
Nivel 1,19,0
Nivel 1,19,0
Nivel 1,19,0
Nivel 1,19,0
Nivel 1,19,0
Nivel 1,19,0
Nivel 1,19,0
Nivel 1,19,0
Nivel 1,19,0
Nivel 1,19,0
Nivel 1,19,0
Nivel 1,19,0
Nivel 1,19,0
Nivel 1,19,0
Nivel 1,19,0
Nivel 1,19,0
Nivel 1,19,0
Nivel 1,19,0
Nivel 1,19,0
Nivel 1,19,0
Nivel 1,19,0
Nivel 1,19,0
Nivel 1,19,0
Nivel 1,19,0
Nivel 1,19,0
Nivel 1,19,0
Nivel 1,19,0
Nivel 1,19,0
Nivel 1,19,0
Nivel 1,19,0
Nivel 1,19,0
Nivel 1,19,0
Nivel 1,19,0
Nivel 1,19,0
Nivel 1,19,0
Nivel 1,19,0
Nivel 1,19,0
Nivel 1,19,0
Nivel 1,19,0
Nivel 1,19,0
Nivel 1,19,0
Nivel 1,19,0
Nivel 1,19,0
Nivel 1,19,0
Nivel 1,19,0
Nivel 1,19,0
Nivel 1,19,0
Nivel 1,19,0
Nivel 1,20,0
Nivel 1,20,0
Nivel 1,20,0
Nivel 1,20,0
Nivel 1,20,0
Nivel 1,20,0
Nivel 1,20,0
Nivel 1,20,0
Nivel 1,20,0
Nivel 1,20,0
Nivel 1,20,0
Nivel 1,20,0
Nivel 1,20,0
Nivel 1,20,0
Nivel 1,20,0
Nivel 1,20,0
Nivel 1,20,0
Nivel 1,20,0
Nivel 1,20,0
Nivel 1,20,0
Nivel 1,20,0
Nivel 1,20,0
Nivel 1,20,0
Nivel 1,20,0
Nivel 1,20,0
Nivel 1,20,0
Nivel 1,20,0
Nivel 1,20,0
Nivel 1,20,0
Nivel 1,20,0
Nivel 1,20,0
Nivel 1,20,0
Nivel 1,20,0
Nivel 1,20,0
Nivel 1,20,0
Nivel 1,20,0
Nivel 1,20,0
Nivel 1,20,0
Nivel 1,20,0
Nivel 1,20,0
Nivel 1,20,0
Nivel 1,20,0
Nivel 1,20,0
Nivel 1,20,0
Nivel 1,20,0
Nivel 1,20,0
Nivel 1,20,0
Nivel 1,20,0
Nivel 1,20,0
Nivel 1,20,0
Nivel 1,20,0
Nivel 1,20,0
Nivel 1,20,0
Nivel 1,20,0
Nivel 1,20,0
Nivel 1,20,0
Nivel 1,20,0
Nivel 1,20,0
Nivel 1,20,0
Nivel 1,20,0
Nivel 1,21,0
Nivel 1,21,0
Nivel 1,21,0
Nivel 1,21,0
Nivel 1,21,0
Nivel 1,21,0
Nivel 1,21,0
Nivel 1,21,0
Nivel 1,21,0
Nivel 1,21,0
Nivel 1,21,0
Nivel 1,21,0
Nivel 1,21,0
Nivel 1,21,0
Nivel 1,21,0
Nivel 1,21,0
Nivel 1,21,0
Nivel 1,21,0
Nivel 1,21,0
Nivel 1,21,0
Nivel 1,21,0
Nivel 1,21,0
Nivel 1,21,0
Nivel 1,21,0
Nivel 1,21,0
Nivel 1,21,0
Nivel 1,21,0
Nivel 1,21,0
Nivel 1,21,0
Nivel 1,21,0
Nivel 1,21,0
Nivel 1,21,0
Nivel 1,21,0
Nivel 1,21,0
Nivel 1,21,0
Nivel 1,21,0
Nivel 1,21,0
Nivel 1,21,0
Nivel 1,21,0
Nivel 1,21,0
Nivel 1,21,0
Nivel 1,21,0
Nivel 1,21,0
Nivel 1,21,0
Nivel 1,21,0
Nivel 1,21,0
Nivel 1,21,0
Nivel 1,21,0
Nivel 1,21,0
Nivel 1,21,0
Nivel 1,21,0
Nivel 1,21,0
Nivel 1,21,0
Nivel 1,21,0
Nivel 1,21,0
Nivel 1,21,0
Nivel 1,21,0
Nivel 1,21,0
Nivel 1,21,0
Nivel 1,21,0
Nivel 1,22,0
Nivel 1,22,0
Nivel 1,22,0
Nivel 1,22,0
Nivel 1,22,0
Nivel 1,22,0
Nivel 1,22,0
Nivel 1,22,0
Nivel 1,22,0
Nivel 1,22,0
Nivel 1,22,0
Nivel 1,22,0
Nivel 1,22,0
Nivel 1,22,0
Nivel 1,22,0
Nivel 1,22,0
Nivel 1,22,0
Nivel 1,22,0
Nivel 1,22,0
Nivel 1,22,0
Nivel 1,22,0
Nivel 1,22,0
Nivel 1,22,0
Nivel 1,22,0
Nivel 1,22,0
Nivel 1,22,0
Nivel 1,22,0
Nivel 1,22,0
Nivel 1,22,0
Nivel 1,22,0
Nivel 1,22,0
Nivel 1,22,0
Nivel 1,22,0
Nivel 1,22,0
Nivel 1,22,0
Nivel 1,22,0
Nivel 1,22,0
Nivel 1,22,0
Nivel 1,22,0
Nivel 1,22,0
Nivel 1,22,0
Nivel 1,22,0
Nivel 1,22,0
Nivel 1,22,0
Nivel 1,22,0
Nivel 1,22,0
Nivel 1,22,0
Nivel 1,22,0
Nivel 1,22,0
Nivel 1,22,0
Nivel 1,22,0
Nivel 1,22,0
Nivel 1,22,0
Nivel 1,22,0
Nivel 1,22,0
Nivel 1,22,0
Nivel 1,22,0
Nivel 1,22,0
Nivel 1,22,0
Nivel 1,23,0
Nivel 1,23,0
Nivel 1,23,0
Nivel 1,23,0
Nivel 1,23,0
Nivel 1,23,0
Nivel 1,23,0
Nivel 1,23,0
Nivel 1,23,0
Nivel 1,23,0
Nivel 1,23,0
Nivel 1,23,0
Nivel 1,23,0
Nivel 1,23,0
Nivel 1,23,0
Nivel 1,23,0
Nivel 1,23,0
Nivel 1,23,0
Nivel 1,23,0
Nivel 1,23,0
Nivel 1,23,0
Nivel 1,23,0
Nivel 1,23,0
Nivel 1,23,0
Nivel 1,23,0
Nivel 1,23,0
Nivel 1,23,0
Nivel 1,23,0
Nivel 1,23,0
Nivel 1,23,0
Nivel 1,23,0
Nivel 1,23,0
Nivel 1,23,0
Nivel 1,23,0
Nivel 1,23,0
Nivel 1,23,0
Nivel 1,23,0
Nivel 1,23,0
Nivel 1,23,0
Nivel 1,23,0
Nivel 1,23,0
Nivel 1,23,0
Nivel 1,23,0
Nivel 1,23,0
Nivel 1,23,0
Nivel 1,23,0
Nivel 1,23,0
Nivel 1,23,0
Nivel 1,23,0
Nivel 1,23,0
Nivel 1,23,0
Nivel 1,23,0
Nivel 1,23,0
Nivel 1,23,0
Nivel 1,23,0
Nivel 1,23,0
Nivel 1,23,0
Nivel 1,23,0
Nivel 1,23,0
Nivel 1,23,0
Nivel 1,24,0
Nivel 1,24,0
Nivel 1,24,0
Nivel 1,24,0
Nivel 1,24,0
Nivel 1,24,0
Nivel 1,24,0
Nivel 1,24,0
Nivel 1,24,0
Nivel 1,24,0
Nivel 1,24,0
Nivel 1,24,0
Nivel 1,24,0
Nivel 1,24,0
Nivel 1,24,0
Nivel 1,24,0
Nivel 1,24,0
Nivel 1,24,0
Nivel 1,24,0
Nivel 1,24,0
Nivel 1,24,0
Nivel 1,24,0
Nivel 1,24,0
Nivel 1,24,0
Nivel 1,24,0
Nivel 1,24,0
Nivel 1,24,0
Nivel 1,24,0
Nivel 1,24,0
Nivel 1,24,0
Nivel 1,24,0
Nivel 1,24,0
Nivel 1,24,0
Nivel 1,24,0
Nivel 1,24,0
Nivel 1,24,0
Nivel 1,24,0
Nivel 2,24,0
Nivel 2,24,0
Nivel 2,24,0
Nivel 2,24,0
Nivel 2,24,0
Nivel 2,24,0
Nivel 2,24,0
Nivel 2,24,0
Nivel 2,24,0
Nivel 2,24,0
Nivel 2,24,0
Nivel 2,24,0
Nivel 2,24,0
Nivel 2,24,0
Nivel 2,24,0
Nivel 2,24,0
Nivel 2,24,0
Nivel 2,24,0
Nivel 2,24,0
Nivel 2,24,0
Nivel 2,24,0
Nivel 2,24,0
Nivel 2,24,0
Nivel 2,25,0
Nivel 2,25,0
Nivel 2,25,0
Nivel 2,25,0
Nivel 2,25,0
Nivel 2,25,0
Nivel 2,25,0
Nivel 2,25,0
Nivel 2,25,0
Nivel 2,25,0
Nivel 2,25,0
Nivel 2,25,0
Nivel 2,25,0
Nivel 2,25,0
Nivel 2,25,0
Nivel 2,25,0
Nivel 2,25,0
Nivel 2,25,0
Nivel 2,25,0
Nivel 2,25,0
Nivel 2,25,0
Nivel 2,25,0
Nivel 2,25,0
Nivel 2,25,0
Nivel 2,25,0
Nivel 2,25,0
Nivel 2,25,0
Nivel 2,25,0
Nivel 2,25,0
Nivel 2,25,0
Nivel 2,25,0
Nivel 2,25,0
Nivel 2,25,0
Nivel 2,25,0
Nivel 2,25,0
Nivel 2,25,0
Nivel 2,25,0
Nivel 2,25,0
Nivel 2,25,0
Nivel 2,25,0
Nivel 2,25,0
Nivel 2,25,0
Nivel 2,25,0
Nivel 2,25,0
Nivel 2,25,0
Nivel 2,25,0
Nivel 2,25,0
Nivel 2,25,0
Nivel 2,25,0
Nivel 2,25,0
Nivel 2,25,0
Nivel 2,25,0
Nivel 2,25,0
Nivel 2,25,0
Nivel 2,25,0
Nivel 2,25,0
Nivel 2,25,0
Nivel 2,25,0
Nivel 2,25,0
Nivel 2,25,0
Nivel 2,26,0
Nivel 2,26,0
Nivel 2,26,0
Nivel 2,26,0
Nivel 2,26,0
Nivel 2,26,0
Nivel 2,26,0
Nivel 2,26,0
Nivel 2,26,0
Nivel 2,26,0
Nivel 2,26,0
Nivel 2,26,0
Nivel 2,26,0
Nivel 2,26,0
Nivel 2,26,0
Nivel 2,26,0
Nivel 2,26,0
Nivel 2,26,0
Nivel 2,26,0
Nivel 2,26,0
Nivel 2,26,0
Nivel 2,26,0
Nivel 2,26,0
Nivel 2,26,0
Nivel 2,26,0
Nivel 2,26,0
Nivel 2,26,0
Nivel 2,26,0
Nivel 2,26,0
Nivel 2,26,0
Nivel 2,26,0
Nivel 2,26,0
Nivel 2,26,0
Nivel 2,26,0
Nivel 2,26,0
Nivel 2,26,0
Nivel 2,26,0
Nivel 2,26,0
Nivel 2,26,0
Nivel 2,26,0
Nivel 2,26,0
Nivel 2,26,0
Nivel 2,26,0
Nivel 2,26,0
Nivel 2,26,0
Nivel 2,26,0
Nivel 2,26,0
Nivel 2,26,0
Nivel 2,26,0
Nivel 2,26,0
Nivel 2,26,0
Nivel 2,26,0
Nivel 2,26,0
Nivel 2,26,0
Nivel 2,26,0
Nivel 2,26,0
Nivel 2,26,0
Nivel 2,26,0
Nivel 2,26,0
Nivel 2,26,0
Nivel 2,27,0
Nivel 2,27,0
Nivel 2,27,0
Nivel 2,27,0
Nivel 2,27,0
Nivel 2,27,0
Nivel 2,27,0
Nivel 2,27,0
Nivel 2,27,0
Nivel 2,27,0
Nivel 2,27,0
Nivel 2,27,0
Nivel 2,27,0
Nivel 2,27,0
Nivel 2,27,0
Nivel 2,27,0
Nivel 2,27,0
Nivel 2,27,0
Nivel 2,27,0
Nivel 2,27,0
Nivel 2,27,0
Nivel 2,27,0
Nivel 2,27,0
Nivel 2,27,0
Nivel 2,27,0
Nivel 2,27,0
Nivel 2,27,0
Nivel 2,27,0
Nivel 2,27,0
Nivel 2,27,0
Nivel 2,27,0
Nivel 2,27,0
Nivel 2,27,0
Nivel 2,27,0
Nivel 2,27,0
Nivel 2,27,0
Nivel 2,27,0
Nivel 2,27,0
Nivel 2,27,0
Nivel 2,27,0
Nivel 2,27,0
Nivel 2,27,0
Nivel 2,27,0
Nivel 2,27,0
Nivel 2,27,0
Nivel 2,27,0
Nivel 2,27,0
Nivel 2,27,0
Nivel 2,27,0
Nivel 2,27,0
Nivel 2,27,0
Nivel 2,27,0
Nivel 2,27,0
Nivel 2,27,0
Nivel 2,27,0
Nivel 2,27,0
Nivel 2,27,0
Nivel 2,27,0
Nivel 2,27,0
Nivel 2,27,0
Nivel 2,28,0
Nivel 2,28,0
Nivel 2,28,0
Nivel 2,28,0
Nivel 2,28,0
Nivel 2,28,0
Nivel 2,28,0
Nivel 2,28,0
Nivel 2,28,0
Nivel 2,28,0
Nivel 2,28,0
Nivel 2,28,0
Nivel 2,28,0
Nivel 2,28,0
Nivel 2,28,0
Nivel 2,28,0
Nivel 2,28,0
Nivel 2,28,0
Nivel 2,28,0
Nivel 2,28,0
Nivel 2,28,0
Nivel 2,28,0
Nivel 2,28,0
Nivel 2,28,0
Nivel 2,28,0
Nivel 2,28,0
Nivel 2,28,0
Nivel 2,28,0
Nivel 2,28,0
Nivel 2,28,0
Nivel 2,28,0
Nivel 2,28,0
Nivel 2,28,0
Nivel 2,28,0
Nivel 2,28,0
Nivel 2,28,0
Nivel 2,28,0
Nivel 2,28,0
Nivel 2,28,0
Nivel 2,28,0
Nivel 2,28,0
Nivel 2,28,0
Nivel 2,28,0
Nivel 2,28,0
Nivel 2,28,0
Nivel 2,28,0
Nivel 2,28,0
Nivel 2,28,0
Nivel 2,28,0
Nivel 2,28,0
Nivel 2,28,0
Nivel 2,28,0
Nivel 2,28,0
Nivel 2,28,0
Nivel 2,28,0
Nivel 2,28,0
Nivel 2,28,0
Nivel 2,28,0
Nivel 2,28,0
Nivel 2,28,0
Nivel 2,29,0
Nivel 2,29,0
Nivel 2,29,0
Nivel 2,29,0
Nivel 2,29,0
Nivel 2,29,0
Nivel 2,29,0
Nivel 2,29,0
Nivel 2,29,0
Nivel 2,29,0
Nivel 2,29,0
Nivel 2,29,0
Nivel 2,29,0
Nivel 2,29,0
Nivel 2,29,0
Nivel 2,29,0
Nivel 2,29,0
Nivel 2,29,0
Nivel 2,29,0
Nivel 2,29,0
Nivel 2,29,0
Nivel 2,29,0
Nivel 2,29,0
Nivel 2,29,0
Nivel 2,29,0
Nivel 2,29,0
Nivel 2,29,0
Nivel 2,29,0
Nivel 2,29,0
Nivel 2,29,0
Nivel 2,29,0
Nivel 2,29,0
Nivel 2,29,0
Nivel 2,29,0
Nivel 2,29,0
Nivel 2,29,0
Nivel 2,29,0
Nivel 2,29,0
Nivel 2,29,0
Nivel 2,29,0
Nivel 2,29,0
Nivel 2,29,0
Nivel 2,29,0
Nivel 2,29,0
Nivel 2,29,0
Nivel 2,29,0
Nivel 2,29,0
Nivel 2,29,0
Nivel 2,29,0
Nivel 2,29,0
Nivel 2,29,0
Nivel 2,29,0
Nivel 2,29,0
Nivel 2,29,0
Nivel 2,29,0
Nivel 2,29,0
Nivel 2,29,0
Nivel 2,29,0
Nivel 2,29,0
Nivel 2,29,0
Nivel 2,30,0
Nivel 2,30,0
Nivel 2,30,0
Nivel 2,30,0
Nivel 2,30,0
Nivel 2,30,0
Nivel 2,30,0
Nivel 2,30,0
Nivel 2,30,0
Nivel 2,30,0
Nivel 2,30,0
Nivel 2,30,0
Nivel 2,30,0
Nivel 2,30,0
Nivel 2,30,0
Nivel 2,30,0
Nivel 2,30,0
Nivel 2,30,0
Nivel 2,30,0
Nivel 2,30,0
Nivel 2,30,0
Nivel 2,30,0
Nivel 2,30,0
Nivel 2,30,0
Nivel 2,30,0
Nivel 2,30,0
Nivel 2,30,0
Nivel 2,30,0
Nivel 2,30,0
Nivel 2,30,0
Nivel 2,30,0
Nivel 2,30,0
Nivel 2,30,0
Nivel 2,30,0
Nivel 2,30,0
Nivel 2,30,0
Nivel 2,30,0
Nivel 2,30,0
Nivel 2,30,0
Nivel 2,30,0
Nivel 2,30,0
Nivel 2,30,0
Nivel 2,30,0
Nivel 2,30,0
Nivel 2,30,0
Nivel 2,30,0
Nivel 2,30,0
Nivel 2,30,0
Nivel 2,30,0
Nivel 2,30,0
Nivel 2,30,0
Nivel 2,30,0
Nivel 2,30,0
Nivel 2,30,0
Nivel 2,30,0
Nivel 2,30,0
Nivel 2,30,0
Nivel 2,30,0
Nivel 2,30,0
Nivel 2,30,0
Nivel 2,31,0
Nivel 2,31,0
Nivel 2,31,0
Nivel 2,31,0
Nivel 2,31,0
Nivel 2,31,0
Nivel 2,31,0
Nivel 2,31,0
Nivel 2,31,0
Nivel 2,31,0
Nivel 2,31,0
Nivel 2,31,0
Nivel 2,31,0
Nivel 2,31,0
Nivel 2,31,0
Nivel 2,31,0
Nivel 2,31,0
Nivel 2,31,0
Nivel 2,31,0
Nivel 2,31,0
Nivel 2,31,0
Nivel 2,31,0
Nivel 2,31,0
Nivel 2,31,0
Nivel 2,31,0
Nivel 2,31,0
Nivel 2,31,0
Nivel 2,31,0
Nivel 2,31,0
Nivel 2,31,0
Nivel 2,31,0
Nivel 2,31,0
Nivel 2,31,0
Nivel 2,31,0
Nivel 2,31,0
Nivel 2,31,0
Nivel 2,31,0
Nivel 2,31,0
Nivel 2,31,0
Nivel 2,31,0
Nivel 2,31,0
Nivel 2,31,0
Nivel 2,31,0
Nivel 2,31,0
Nivel 2,31,0
Nivel 2,31,0
Nivel 2,31,0
Nivel 2,31,0
Nivel 2,31,0
Nivel 2,31,0
Nivel 2,31,0
Nivel 2,31,0
Nivel 2,31,0
Nivel 2,31,0
Nivel 2,31,0
Nivel 2,31,0
Nivel 2,31,0
Nivel 2,31,0
Nivel 2,31,0
Nivel 2,31,0
Nivel 2,32,0
Nivel 2,32,0
Nivel 2,32,0
Nivel 2,32,0
Nivel 2,32,0
Nivel 2,32,0
Nivel 2,32,0
Nivel 2,32,0
Nivel 2,32,0
Nivel 2,32,0
Nivel 2,32,0
Nivel 2,32,0
Nivel 2,32,0
Nivel 2,32,0
Nivel 2,32,0
Nivel 2,32,0
Nivel 2,32,0
Nivel 2,32,0
Nivel 2,32,0
Nivel 2,32,0
Nivel 2,32,0
Nivel 2,32,0
Nivel 2,32,0
Nivel 2,32,0
Nivel 2,32,0
Nivel 2,32,0
Nivel 2,32,0
Nivel 2,32,0
Nivel 2,32,0
Nivel 2,32,0
Nivel 2,32,0
Nivel 2,32,0
Nivel 2,32,0
Nivel 2,32,0
Nivel 2,32,0
Nivel 2,32,0
Nivel 2,32,0
Nivel 2,32,0
Nivel 2,32,0
Nivel 2,32,0
Nivel 2,32,0
Nivel 2,32,0
Nivel 2,32,0
Nivel 2,32,0
Nivel 2,32,0
Nivel 2,32,0
Nivel 2,32,0
Nivel 2,32,0
Nivel 2,32,0
Nivel 2,32,0
Nivel 2,32,0
Nivel 2,32,0
Nivel 2,32,0
Nivel 2,32,0
Nivel 2,32,0
Nivel 2,32,0
Nivel 2,32,0
Nivel 2,32,0
Nivel 2,32,0
Nivel 2,32,0
Nivel 2,33,0
Nivel 2,33,0
Nivel 2,33,0
Nivel 2,33,0
Nivel 2,33,0
Nivel 2,33,0
Nivel 2,33,0
Nivel 2,33,0
Nivel 2,33,0
Nivel 2,33,0
Nivel 2,33,0
Nivel 2,33,0
Nivel 2,33,0
Nivel 2,33,0
Nivel 2,33,0
Nivel 2,33,0
Nivel 2,33,0
Nivel 2,33,0
Nivel 2,33,0
Nivel 2,33,0
Nivel 2,33,0
Nivel 2,33,0
Nivel 2,33,0
Nivel 2,33,0
Nivel 2,33,0
Nivel 2,33,0
Nivel 2,33,0
Total,58044,0
Total,58044,0
Total,58044,0
Total,58044,0
Total,58044,0
Total,58044,0
Total,58044,0
Total,58044,0
Total,58044,0
Total,58044,0
Total,58044,0
Total,58044,0
Total,58044,0
Total,58044,0
Total,58044,0
Total,58044,0
Total,58044,0
Total,58044,0
Total,58044,0
Total,58044,0
Total,58044,0
Total,58044,0
Total,58044,0
Total,58044,0
Total,58044,0
Total,58044,0
Total,58044,0
Total,58044,0
Total,58044,0
Total,58044,0
Total,58044,0
Total,58044,0
Total,58044,0
Total,58044,0
Total,58044,0
Total,58044,0
Total,58044,0
Total,58044,0
Total,58044,0
Total,58044,0
Total,58044,0
Total,58044,0
Total,58044,0
Total,58044,0
Total,58044,0
Total,58044,0
Total,58044,0
Total,58044,0
Total,58044,0
Total,58044,0
Total,58044,0
Total,58044,0
Total,58044,0
Total,58044,0
Total,58044,0
Total,58044,0
Total,58044,0
Total,58044,0
Total,58044,0
Total,58044,0
Total,58044,0
Total,58044,0
Total,58044,0
Total,58044,0
Total,58044,0
Total,58044,0
Total,58044,0
Total,58044,0
Total,58044,0
Total,58044,0
Total,58044,0
Total,58044,0
Total,58044,0
Total,58044,0
Total,58044,0
Total,58044,0
Total,58044,0
Total,58044,0
Total,58044,0
Total,58044,0
Total,58044,0
Total,58044,0
Total,58044,0
Total,58044,0
Total,58044,0
Total,58044,0
Total,58044,0
Total,58044,0
Total,58044,0
Total,58044,0
Total,58044,0
Total,58044,0
Total,58044,0
Total,58044,0
Total,58044,0
Total,58044,0
Total,58044,0
Total,58044,0
Total,58044,0
Total,58044,0
Total,58044,0
Total,58044,0
Total,58044,0
Total,58044,0
Total,58044,0
Total,58044,0
Total,58044,0
Total,58044,0
Total,58044,0
Total,58044,0
Total,58044,0
Total,58044,0
Total,58044,0
Total,58044,0
Total,58044,0
Total,58044,0
Total,58044,0
Total,58044,0
Total,58044,0
Total,58044,0
Total,58044,0
Total,58044,0
Total,58044,0
Total,58044,0
Total,58044,0
Total,58044,0
Total,58044,0
Total,58044,0
Total,58044,0
Total,58044,0
Total,58044,0
Total,58044,0
Total,58044,0
Total,58044,0
Total,58044,0
Total,58044,0
Total,58044,0
Total,58044,0
Total,58044,0
Total,58044,0
Total,58044,0
Total,58044,0
Total,58044,0
Total,58044,0
Total,58044,0
